a,Ra
0.010061339908138886,7585.209381074837
0.010067473858136448,7576.132499986327
0.01007360780813401,7567.072098804321
0.010079741758131571,7558.028137543893
0.010085875708129133,7549.000576340238
0.010098143608124256,7530.994495247902
0.010104277558121818,7522.015896233705
0.01011041150811938,7513.053539024543
0.010122679408114503,7495.177393079478
0.010147215208104752,7459.6182831433125
0.010196286808085247,7389.264153769978
0.010202420758082809,7380.5407776246
0.01020855470808037,7371.833029064511
0.010220822608075494,7354.464265150704
0.010245358408065742,7319.91262955461
0.010294430008046238,7251.544695231639
0.010392573208007228,7117.685768477407
0.010399223112699531,7108.751905059213
0.010405873017391834,7099.835061298939
0.01041917282677644,7082.052259554167
0.010445772445545651,7046.688994507525
0.010498971683084075,6976.762294923525
0.010605370158160921,6840.0338144312245
0.010818167108314614,6578.508528311618
0.011215557621788462,6129.14335850118
0.011605152910861092,5732.374424172383
0.012027769300397145,5344.551039837482
0.01242218230309966,5017.502948573305
0.012849616406265599,4696.296257380976
0.01326925528503032,4410.452445619297
0.013660690776961503,4167.04571580113
0.014085147369356107,3925.5316467312464
0.014481400574917175,3718.8164664144165
0.014869858556077026,3531.871332264679
0.015291337637700297,3344.8034000003886
0.015684613332490032,3183.565948078533
0.01611091012774319,3021.8408793899753
0.01652941169859513,2874.982914962884
0.016919709882613532,2747.6378967944324
0.017343029167095358,2619.03311001659
0.017738145064743645,2507.130932385425
0.018166282062855355,2393.944863214301
0.018586623836565848,2290.267063263779
0.018978762223442802,2199.6279557884154
0.01940392171078318,2107.434691609754
0.01980087781129002,2026.606255800748
0.02019003868739564,1951.8981668410588
0.020612220663964686,1875.535866801894
0.021006199253700193,1808.3414306049824
0.021433198943899123,1739.6109774939591
0.021852403409696835,1675.9710898025994
0.02224340448866101,1619.78814592833
0.022667426668088606,1562.0767323553762
0.023063245460682665,1511.0158305111217
0.023451269028875506,1463.4176863479263
0.02387231369753177,1414.3385432857444
0.024265154979354497,1370.8017981999828
0.024691017361640647,1325.902209626663
0.02508867635709326,1285.9960285686254
0.025478540128144652,1248.6473435739417
0.02590142499965947,1210.0005371547686
0.026296106484340748,1175.5767610727466
0.02672380906948545,1139.9568855463042
0.027143716430228934,1106.5877819009204
0.027535420404138884,1076.8059111289856
0.027960145478512253,1045.8962323652684
0.028356667166052084,1018.2647368780466
0.0287453936291907,992.2618112268633
0.029167141192792737,965.1993412243199
0.02956068536956124,940.9677278287714
0.029567549654284292,940.5535013095771
0.02957441393900735,940.1395584555512
0.029588142508453458,939.312522699008
0.029615599647345676,937.6618437014873
0.029670513925130114,934.373997694969
0.02978034248069899,927.8518930379323
0.029787206765422042,927.4466157986808
0.029794071050145098,927.0416140180902
0.029807799619591208,926.2324358268631
0.029835256758483426,924.6173738966653
0.029890171036267864,921.4003718681686
0.029897035320990917,920.999471934204
0.029903899605713973,920.5988434673252
0.029917628175160083,919.7983999469849
0.0299450853140523,918.2007596601017
0.029951949598775354,917.8020245612386
0.02995881388349841,917.4035589608998
0.02997254245294452,916.6074352768512
0.029979406737667573,916.2097767043664
0.029986271022390626,915.8123866528415
0.02999313530711368,915.4152648785828
0.029999999591836735,915.0184111381459
0.025000001122448982,1294.7323944467641
0.025016869484942278,1293.0634504159686
0.025033737847435573,1291.397831769599
0.025067474572422165,1288.0765350993042
0.025134948022395343,1281.4734571975855
0.025269894922341704,1268.4234113253076
0.02553978872223443,1242.932528551711
0.026079576322019876,1194.2716012156727
0.027249959547865184,1098.384823101724
0.028342783459918263,1019.2129745396528
0.029414170504867995,949.8773266793529
0.030576365576092137,882.6280506546594
0.03166100133352405,826.3243796386422
0.03283644511723038,771.3933309844346
0.03399045203383336,722.819150646171
0.03506689963664411,681.6884520712235
0.036234155265729276,641.0905456288042
0.037323851581022215,606.5121774202162
0.038392111029211806,575.3768620017809
0.03955117850367581,544.3512801882724
0.04063268666434758,517.7148506936965
0.041805002851293765,491.0961405622941
0.0429558821711366,467.01007353284507
0.044029202177187206,446.19051360632375
0.045193330209512224,425.22755313061026
0.046279898928045016,407.03839107638044
0.04745727567285222,388.6890547909594
0.048613215550556074,371.9239639193309
0.049691596114467704,357.30075573112236
0.050860784704653744,342.4587683968006
0.05195241398104756,329.47280533811477
0.05302260639033802,317.4920018491949
0.05418360682590289,305.2674992990184
0.055267047947675535,294.5285702448988
0.05644129709572259,283.56138649666883
0.0575941093766663,273.42189067290377
0.05866936234381778,264.4826589135646
0.059835423337243676,255.31198773049573
0.060923925016877344,247.20792844572108
0.061990989829407664,239.66163399790662
0.06314886266821239,231.88867748573594
0.0642291761932249,225.00030510621386
0.06540029774451181,217.90287716655084
0.06649385998200649,211.6002646142748
0.06756598535239783,205.70615238012752
0.06872891874906358,199.6117330033268
0.0698142928319371,194.18706710887778
0.07099047494108504,188.57757857497745
0.07214522018312962,183.32582449789516
0.07322240611138198,178.6412327771894
0.07439040006590875,173.7817323062105
0.07548083470664328,169.4396825213
0.07654983248027447,165.35525786688814
0.07770963828018007,161.1060870495492
0.07879188476629345,157.30278486806333
0.07881076154928185,157.23778042153378
0.07882963833227025,157.17282085221888
0.07886739189824704,157.04303617703235
0.07894289903020064,156.78400350591414
0.07909391329410784,156.2680755259615
0.07939594182192224,155.2446948349796
0.07941481860491065,155.18110584176694
0.07943369538789904,155.1175604041694
0.07947144895387584,154.9906000338423
0.07954695608582943,154.73720018153895
0.07969797034973664,154.2324750209811
0.07971684713272503,154.16957808355608
0.07973572391571343,154.10672405933875
0.07977347748169022,153.9811445915653
0.07984898461364383,153.73049886850728
0.07986786139663224,153.66794412627172
0.07988673817962064,153.60543198051874
0.07992449174559743,153.48053532098044
0.07994336852858583,153.41815072856724
0.07996224531157423,153.35580857538127
0.07998112209456262,153.2935088222234
0.07999999887755102,153.2312514299363
0.08000000244897959,153.23123965503626
0.08003680614896497,153.10997929208264
0.08007360984895033,152.98887951561
0.08014721724892107,152.74716056801216
0.08029443204886257,152.2656370519787
0.08058886164874554,151.3101837418477
0.08117772084851148,149.42915019584888
0.08235543924804337,145.78269311193876
0.08490900264988768,138.37099839129243
0.08729334573073078,132.00654894026977
0.08963091746516656,126.23382249258388
0.09216661580238288,120.44156287153459
0.09453309381859797,115.43341993977457
0.0970976984375936,110.3965484035304
0.09961553171018192,105.80878005205953
0.10196414466176902,101.81854892334046
0.10451088421613665,97.77843137056308
0.10688840344950305,94.2524949945331
0.10921915133646215,91.00661219120695
0.11174802582620179,87.70115432799739
0.1141076799949402,84.80346970663479
0.11666546076645914,81.84928759327738
0.1191764701915708,79.12306082110388
0.1215182592956812,76.72372590507764
0.12405817500257216,74.26568148045233
0.12642887038846187,72.09692422232166
0.12899769237713213,69.87358034778259
0.1315197430193951,67.80958636242805
0.13387257334065683,65.98271770392621
0.1364235302646991,64.10210844974841
0.13880526686774014,62.43395433891639
0.14114023212437388,60.87536721448508
0.14367332398378815,59.26499111223662
0.1460371955222012,57.832952473255844
0.1485991936633948,56.353091693166874
0.15111442045818108,54.96872440267379
0.15346042693196613,53.73487865570181
0.15600456000853172,52.45564634995723
0.15837947276409609,51.31350274602706
0.16070761417325313,50.23979412189395
0.16323388218519072,49.12326870615549
0.16559092987612709,48.1245828887731
0.168146104169844,47.086255928284494
0.17053205814255967,46.15604584851658
0.17287124076886803,45.2789913211292
0.17540854999795694,44.36468859303818
0.17777663890604462,43.54433762158271
0.18034285441691283,42.68940721145421
0.18286229858137373,41.88273856804427
0.1852125224248334,41.157955808684086
0.18776087287107363,40.400780412174754
0.19014000299631262,39.71953736938903
0.19247236177514432,39.07458539547669
0.19500284715675653,38.39928410819685
0.19736411221736752,37.791019213594716
0.19740529792570582,37.78059119571332
0.19744648363404416,37.770169302203655
0.19752885505072082,37.749343868848264
0.19769359788407415,37.70776628089999
0.19802308355078074,37.62490313705433
0.19868205488419396,37.46033637881611
0.19872324059253227,37.45010195234963
0.1987644263008706,37.43987349701027
0.19884679771754726,37.419434480875005
0.1990115405509006,37.378627895208126
0.1993410262176072,37.29729946163706
0.19938221192594552,37.287160010660074
0.19942339763428385,37.27702645601734
0.19950576905096049,37.256777017201934
0.19967051188431378,37.216348691968356
0.19971169759265212,37.20625628215507
0.19975288330099045,37.19616973172788
0.1998352547176671,37.17601419064578
0.19987644042600544,37.16594519080864
0.19991762613434377,37.15588203199468
0.1999588118426821,37.145824709623916
0.1999999975510204,37.13577321912142
0.20000001224489797,37.13576963407839
0.20018403074482483,37.09093051903464
0.20036804924475166,37.046207329006165
0.20073608624460537,36.95710710686229
0.2014721602443128,36.780280074466766
0.20294430824372767,36.43203137630208
0.2058886042425574,35.756472066139565
0.21177719624021685,34.48398161731305
0.22454501324943837,32.041861891949296
0.23646672865365378,30.090425340400138
0.24815458732583268,28.42967607393594
0.26083307901191427,26.862213474276786
0.2726654690929897,25.583116592170487
0.28548849218796785,24.365020082778805
0.29807765855090945,23.313124010313775
0.30982072330884497,22.44160748090036
0.3225544210806831,21.59938141919176
0.33444201724751516,20.896832536642023
0.3460957566823107,20.276536003499086
0.3587401291310089,19.670733629317166
0.37053839997470095,19.16109561025758
0.3833273038322957,18.662177280186096
0.3958823509578539,18.220385261031993
0.407591296478406,17.84652190509684
0.4202908750128607,17.47824803872258
0.4321443519423094,17.165931681151854
0.4449884618856607,16.85831179277657
0.4575987150969755,16.584418647313576
0.46936286670328414,16.351651814233612
0.4821176513234955,16.12182263867835
0.4940263343387007,15.92655537720128
0.5057011606218694,15.751690900002535
0.5183666199189407,15.5790098775515
0.5301859776110059,15.432561667501746
0.5429959683169738,15.288572381022567
0.5555721022909053,15.16095473703176
0.5673021346598305,15.053261531900613
0.5800228000426584,14.947926989728408
0.5918973638204802,14.859591117840454
0.6035380708662654,14.781713230532455
0.6161694109259533,14.706315904801158
0.6279546493806352,14.64395711224964
0.6407305208492197,14.584492654652696
0.6526602907127981,14.536124672582456
0.6643562038443399,14.495001756243298
0.6645544311278624,14.494356350158817
0.664752658411385,14.493712627639916
0.6651491129784302,14.492430226540456
0.6659420221125205,14.489885552931112
0.667527840380701,14.48487634470335
0.6706994769170622,14.475175512160131
0.6770427499897844,14.457020890313386
0.6772277569357288,14.456515950510807
0.6774127638816732,14.456012387058
0.6777827777735619,14.455009384169497
0.6785228055573392,14.453019839326615
0.680002861124894,14.449106313627398
0.6829629722600037,14.441539301278262
0.6888831945302228,14.427428028550047
0.6890836801170095,14.426973679041893
0.689284165703796,14.426520854787581
0.6896851368773691,14.425619776132777
0.6904870792245155,14.423835856997243
0.6920909639188082,14.420340643132546
0.6952987333073934,14.41363811306186
0.69549921889418,14.413231848626413
0.6956997044809666,14.41282706313831
0.6961006756545398,14.412021923345423
0.6969026180016861,14.41042932897881
0.6985065026959787,14.407314566624652
0.7017142720845639,14.40136425637261
0.7019111036599124,14.40101116724118
0.7021079352352609,14.400659460896222
0.7025015983859579,14.399960191435175
0.7032889246873519,14.398578189591662
0.70486357729014,14.395880048924331
0.7080128824957161,14.390744959367101
0.7082097140710646,14.390435490936868
0.7084065456464131,14.390127365032283
0.7088002087971101,14.389515135878014
0.7095875350985043,14.388306733800466
0.7111621877012924,14.385953880828438
0.7143114929068685,14.381501810596836
0.7144951041446388,14.38125259975263
0.714678715382409,14.381004523596127
0.7150459378579497,14.38051177151102
0.7157803828090308,14.379539841451006
0.717249272711193,14.377650064339191
0.7201870525155176,14.374085149793377
0.7203706637532878,14.373871778588924
0.7205542749910582,14.373659511922048
0.7209214974665987,14.37323828850558
0.7216559424176799,14.372409055541903
0.7231248323198423,14.370803239585674
0.7260626121241669,14.36780057794008
0.7262617020027794,14.367607102192066
0.7264607918813919,14.367414890835336
0.7268589716386169,14.36703425676107
0.727655331153067,14.366288111499491
0.7292480501819671,14.364856060379354
0.7294471400605796,14.364682679586668
0.7296462299391921,14.36451054520956
0.7300444096964172,14.364170011254783
0.7308407692108673,14.36350385151299
0.7324334882397674,14.362230917595788
0.7326325781183799,14.362077346843629
0.7328316679969924,14.361925004889379
0.7332298477542174,14.361624003019003
0.7340262072686675,14.361036697015141
0.7356189262975676,14.359920633777296
0.738804364355368,14.357920783053988
0.7389902338964023,14.357813585224504
0.7391761034374367,14.357707428678156
0.7395478425195052,14.357498236028375
0.7402913206836423,14.357092308714268
0.7417782770119168,14.356330096565031
0.7419641465529511,14.356239457606968
0.7421500160939853,14.356149846422518
0.7425217551760539,14.35597370402982
0.7432652333401911,14.355633715802123
0.7447521896684655,14.355002739595728
0.7449380592094997,14.354928445222798
0.745123928750534,14.35485516536144
0.7454956678326027,14.354711645892158
0.7462391459967399,14.35443674504444
0.7464250155377742,14.354370543837334
0.7466108850788085,14.354305350602168
0.746982624160877,14.354177984796232
0.7477261023250142,14.35393531313243
0.7479119718660485,14.353877152984825
0.7480978414070829,14.35381999433004
0.7484695804891515,14.353708678275364
0.7492130586532886,14.353498028685163
0.7493989281943229,14.353447857968261
0.7495847977353571,14.353398682323887
0.7499565368174258,14.3533033130582
0.750700014981563,14.353124480325869
0.7508822305111593,14.353083068600588
0.7510644460407555,14.353042607109
0.751428877099948,14.352964531844782
0.7521577392183328,14.352819751375753
0.752339954747929,14.352785920693066
0.7525221702775253,14.352753034303982
0.7528866013367177,14.35269009145208
0.7536154634551027,14.352575504820505
0.753797678984699,14.352549207846879
0.7539798945142951,14.352523849279684
0.7543443255734876,14.352475944437131
0.7545265411030838,14.352453396699635
0.75470875663268,14.352431784444763
0.7550731876918725,14.352391363468367
0.7552554032214687,14.352372553291163
0.755437618751065,14.352354675685778
0.7556198342806612,14.352337729926639
0.7558020498102573,14.352321715288772
0.7559842653398536,14.352306631048679
0.7561664808694498,14.352292476481823
0.7565309119286423,14.352266953481847
0.7567131274582386,14.352255583605686
0.7568953429878348,14.352245140518804
0.757077558517431,14.352235623501388
0.7572597740470273,14.352227031835485
0.7574419895766235,14.352219364802977
0.7576242051062196,14.352212621687762
0.7578064206358159,14.352206801772958
0.7579886361654121,14.35220190434355
0.7581708516950083,14.352197928685603
0.7583530672246046,14.352194874084626
0.7585352827542008,14.352192739828425
0.758717498283797,14.352191525204548
0.7588997138133933,14.352191229501681
0.7590819293429895,14.352191852009442
0.7592641448725856,14.352193392018357
0.7594463604021819,14.352195848818866
0.7596285759317781,14.352199221703598
0.7598107914613743,14.352203509964296
0.7599930069909706,14.352208712894921
0.7601752225205668,14.352214829789581
0.760357438050163,14.352221859943468
0.7605396535797593,14.352229802652172
0.7607218691093555,14.35223865721226
0.7609040846389516,14.352248422920656
0.761086300168548,14.352259099075928
0.7612685156981441,14.352270684976771
0.7614507312277403,14.352283179922788
0.7616329467573366,14.352296583214567
0.7618151622869328,14.352310894153248
0.761997377816529,14.352326112040684
0.7623618088757215,14.352359265873606
0.7625595030461598,14.35237876558625
0.7627571972165983,14.352399329529963
0.7631525855574752,14.352443646566732
0.7633502797279137,14.352467397889887
0.7635479738983522,14.352492209905199
0.7639433622392291,14.352545012482933
0.7641410564096676,14.352573001284302
0.764338750580106,14.352602047255141
0.764734138920983,14.352663307194184
0.7655249156027368,14.35279847454207
0.7657226097731753,14.352834896173052
0.7659203039436138,14.352872367978973
0.7663156922844907,14.352950458636416
0.7671064689662445,14.353119203851383
0.7673041631366828,14.353164002587063
0.7675018573071213,14.353209844569214
0.7678972456479982,14.353304654826783
0.7686880223297521,14.353506756464515
0.7688857165001906,14.353559877107793
0.769083410670629,14.353614034134786
0.769478799011506,14.353725453927868
0.7702695756932597,14.35396069263955
0.7718511290567673,14.354480576792783
0.7720488232272058,14.354550177745251
0.7722465173976443,14.35462080154932
0.7726419057385212,14.354765114365494
0.773432682420275,14.355065977447202
0.7750142357837826,14.355716467186136
0.7751987096166428,14.355796560207677
0.7753831834495031,14.355877532339806
0.7757521311152236,14.356042111265188
0.7764900264466645,14.356381789115556
0.7779658171095464,14.357103076242279
0.7781502909424065,14.35719715532367
0.7783347647752668,14.35729210292116
0.7787037124409872,14.357484601039271
0.7794416077724282,14.35787999064622
0.7809173984353102,14.358712197351633
0.7811018722681704,14.358820094360022
0.7812863461010306,14.358928849472894
0.7816552937667511,14.359148931434701
0.782393189098192,14.359599364294999
0.7838689797610738,14.360541162295357
0.7868205610868376,14.362587348964878
0.7870264896285293,14.362738148858368
0.7872324181702208,14.362889992692537
0.7876442752536041,14.363196808720415
0.7884679894203708,14.363822930031072
0.7901154177539038,14.365124937078955
0.7934102744209699,14.367926481960096
0.7936162029626616,14.368110263534883
0.7938221315043532,14.368295061848311
0.7942339885877364,14.368667705356962
0.7950577027545029,14.369425156632058
0.796705131088036,14.370988530868956
0.7969110596297276,14.37118848080667
0.7971169881714193,14.371389434267153
0.7975288452548025,14.371794348487363
0.798352559421569,14.372616183294019
0.7985584879632607,14.372824138576435
0.7987644165049523,14.373033090868118
0.7991762735883355,14.373453983240454
0.7993822021300272,14.373665921704399
0.7995881306717187,14.373878853943612
0.7997940592134104,14.374092779152349
0.7999999877551021,14.374307696525912
0.800000024489796,14.37430773495231
0.8003680614896498,14.374694305788418
0.8007360984895034,14.37508403855579
0.8014721724892109,14.375872971600582
0.8029443204886257,14.377488580291912
0.8058886164874555,14.380869756607439
0.8117772084851149,14.388223979722449
0.8121452454849687,14.388709511179087
0.8125132824848224,14.389198062902588
0.8132493564845298,14.390184210059694
0.8147215044839446,14.39219256004897
0.8176658004827744,14.396352536863775
0.8235543924804338,14.405238147471232
0.8239533867619719,14.405867176950549
0.8243523810435102,14.40649960002315
0.8251503696065865,14.407774606571156
0.8267463467327392,14.410365119262213
0.8299383009850446,14.415707016321637
0.8363222094896554,14.42702543164823
0.849090026498877,14.452132115215761
0.8494625801052587,14.452912989539021
0.8498351337116404,14.453696557265987
0.8505802409244039,14.455271758509841
0.8520704553499309,14.458454323606798
0.8550508842009847,14.464947305862474
0.8610117419030925,14.478438386701209
0.8729334573073079,14.507392153973006
0.8963091746516656,14.57144149576084
0.9216661580238288,14.651105956991477
0.9453309381859797,14.734299085097485
0.9709769843759358,14.833384753336736
0.9961553171018189,14.939057490063856
1.01964144661769,15.044617466661558
1.0451088421613663,15.166213401968673
1.0688840344950303,15.286019094228847
1.0921915133646214,15.409020075923086
1.1174802582620178,15.548349201310275
1.141076799949402,15.683574281445692
1.1666546076645916,15.835545982743586
1.191764701915708,15.989922667740084
1.2151825929568123,16.13830301188407
1.240581750025722,16.3038264836338
1.2642887038846191,16.462446564641684
1.2899769237713217,16.63862872063497
1.3151974301939513,16.8157844786988
1.3387257334065685,16.984645479696983
1.364235302646991,17.17149961968398
1.3880526686774015,17.349380831357937
1.411402321243739,17.526871579766087
1.4367332398378816,17.722787832398325
1.460371955222012,17.90868042510757
1.4859919366339478,18.113395578540622
1.5111442045818106,18.317561785233238
1.534604269319661,18.510762738969294
1.560045600085317,18.723225098426497
1.5837947276409605,18.92425457395632
1.607076141732531,19.123796271604302
1.6323388218519068,19.343026184460783
1.6559092987612705,19.55005853222671
1.6814610416984395,19.777149597728528
1.7053205814255963,19.991647444397103
1.72871240768868,20.204191228364262
1.754085499979569,20.437211927362195
1.7777663890604458,20.65697553581035
1.803428544169128,20.89757316401407
1.828622985813737,21.136222416482138
1.852125224248334,21.360985620027005
1.8776087287107361,21.606999677830974
1.9014000299631262,21.838810297072033
1.924723617751443,22.06803646982144
1.9500284715675653,22.318915664812366
1.9736411221736754,22.555040172520737
1.9740529792570587,22.559175891557885
1.974464836340442,22.563312197434218
1.9752885505072084,22.571586569180692
1.9769359788407415,22.5881423494956
1.9802308355078075,22.621282031608747
1.9868205488419397,22.687673676728988
1.987232405925323,22.691828117276078
1.9876442630087063,22.695983140988282
1.9884679771754727,22.704294937470667
1.9901154055090058,22.72092552352959
1.9934102621760719,22.754214642945072
1.9938221192594552,22.758378400760336
1.9942339763428385,22.762542739962957
1.995057690509605,22.77087316204525
1.996705118843138,22.787540977905557
1.9971169759265213,22.79170938366156
1.9975288330099046,22.79587836991331
1.998352547176671,22.80421808347071
1.9987644042600543,22.808388810539807
1.9991762613434374,22.812560117663374
1.9995881184268207,22.816732004753764
1.999999975510204,22.820904471670122
2.0000000408163263,22.820905133318686
2.0006134358160823,22.827120427626195
2.0012268308158387,22.833337007491373
2.002453620815351,22.84577402240121
2.004907200814376,22.870663462875616
2.0098143608124253,22.92050390612661
2.019628680808524,23.020430404905074
2.0392573208007225,23.221260852126363
2.0818167108314607,23.66113749753985
2.1215557621788452,24.077262271470886
2.1605152910861083,24.490205570653092
2.2027769300397133,24.943643626527276
2.2422182303099647,25.37190878302666
2.2849616406265585,25.841500924358822
2.3269255285030304,26.307996414820476
2.3660690776961486,26.747965047893995
2.408514736935609,27.230254600499926
2.4481400574917154,27.68533631342618
2.4869858556077,28.135956727284942
2.529133763770027,28.629866163255763
2.5684613332490005,29.095363119905983
2.611091012774316,29.604959303911333
2.65294116985951,30.11027060846937
2.69197098826135,30.5859887179175
2.7343029167095323,31.106786739693987
2.773814506474361,31.597393372724778
2.816628206285532,32.1338813166998
2.858662383656581,32.66550835125054
2.8978762223442764,33.165822955926224
2.940392171078314,33.71299407879294
2.9800877811289976,34.22828339638106
3.0190038687395595,34.73757210396903
3.0612220663964638,35.29466419776331
3.1006199253700144,35.818828787708036
3.143319894389907,36.39158015193151
3.185240340969678,36.958564849437856
3.2243404488660956,37.491574313965856
3.266742666808855,38.07412962152178
3.306324546068261,38.622176413186175
3.3451269028875448,39.163389413011004
3.387231369753171,39.75507950568327
3.4265154979354437,40.31126999675731
3.4691017361640584,40.91870594287257
3.5088676357093194,41.49012128273714
3.547854012814459,42.054268529235024
3.5901424999659404,42.67058898574974
3.629610648434068,43.24991587812682
3.6723809069485385,43.88218071948323
3.714371643022887,44.50743165843563
3.7535420404138815,45.09470495888408
3.796014547851218,45.73585766598794
3.835666716605201,46.33853113113673
3.8745393629190623,46.93318719981324
3.916714119279266,47.582637556428416
3.9560685369561157,48.19266654309933
3.956754965428421,48.2033411005641
3.9574413939007265,48.21401682893393
3.9588142508453377,48.23537181405744
3.96155996473456,48.278095887832755
3.967051392513005,48.3636004139472
3.9780342480698945,48.534834934736445
3.9787206765422,48.54554707977297
3.9794071050145057,48.55626038119799
3.980779961959117,48.57769052482536
3.9835256758483393,48.62056488924736
3.989017103626784,48.70636994436672
3.9897035320990897,48.717100852898376
3.9903899605713953,48.72783294230009
3.9917628175160065,48.749300633519574
3.994508531405229,48.79225008513435
3.9951949598775345,48.80299036917724
3.99588138834984,48.81373184706486
3.9972542452944513,48.835218296826454
3.997940673766757,48.84596328012956
3.9986271022390625,48.85670944446719
3.999313530711368,48.867456771772595
3.9999999591836737,48.87820527773865
4.000000030612245,48.87820639733123
4.000460076862062,48.885410725103235
4.00092012311188,48.89261558686085
4.001840215611514,48.90702688777326
4.003680400610783,48.935855807578726
4.00736077060932,48.99353891250434
4.014721510606394,49.10900621819331
4.0294429906005425,49.34034493765437
4.061362533123596,49.84378953036262
4.091166821634134,50.316153954878914
4.120386468314582,50.78138910344247
4.152082697529785,51.288445132038206
4.181663672732474,51.76390218680334
4.213721230469919,52.281603593965926
4.245194146377273,52.79232729876306
4.274551808272111,53.27092359812411
4.306386052701707,53.792288011020005
4.336105043118787,54.28125543043105
4.365239391705775,54.762706074055295
4.396850322827521,55.28743432877527
4.426345999936751,55.779255024658205
4.458318259580738,56.3147723447849
4.489705877394633,56.84292441451459
4.518978241196013,57.33764833409394
4.55072718753215,57.876587530276296
4.580360879855771,58.38183311703903
4.612471154714149,58.93171297852957
4.643996787742436,59.47401641019649
4.673407166758207,59.982106696272155
4.7052941283087355,60.53535007474351
4.735065835846749,61.05411539305036
4.76425290155467,61.56477426344725
4.795916549797348,62.121091117623976
4.8254649440275115,62.64242708102005
4.857489920792431,63.20983641043422
4.888930255727259,63.769291009027555
4.9182553366495725,64.29325141314354
4.950057000106642,64.86379956222403
4.9797434095511965,65.39859173409222
5.00884517716566,65.92490572995418
5.040423527314879,66.49830821353889
5.069886623451584,67.0354575915581
5.101826302123045,67.62010721587119
5.131650726781991,68.16824177335799
5.160890509610845,68.70769695934362
5.192606874974456,69.29515338984523
5.222207986325552,69.84559777471634
5.254285680211405,70.4444561154946
5.285778732267166,71.03478634130401
5.315156530310412,71.58759738086353
5.3470109108884145,72.18933280578904
5.376750037453902,72.75328962387442
5.405904522189298,73.30820129602357
5.437535589459451,73.91253482429103
5.467051402717088,74.47859800187022
5.467566224071317,74.48848928536628
5.468081045425546,74.49838154375168
5.469110688134005,74.51816833731145
5.471169973550921,74.55774933010842
5.475288544384755,74.63694124398606
5.483525686052421,74.79544483220991
5.48404050740665,74.8053569105524
5.48455532876088,74.81526912978673
5.485584971469338,74.83509644587429
5.487644256886254,74.87475749529018
5.491762827720088,74.95411037089708
5.492277649074317,74.96403254985516
5.492792470428546,74.9739548775682
5.493822113137004,74.99380183461236
5.495881398553921,75.03350362047699
5.49639621990815,75.04343018214635
5.496911041262379,75.0533581522259
5.497940683970838,75.07321482224727
5.498455505325067,75.0831449142896
5.498970326679297,75.09307431158682
5.499485148033526,75.1030049441724
5.499999969387755,75.11293651897934
5.500000010204082,75.11293695245791
5.500153358954021,75.11589558923512
5.50030670770396,75.11885403264334
5.500613405203838,75.12477084219867
5.501226800203595,75.13660583400264
5.502453590203107,75.16027763312927
5.504907170202132,75.20763221738463
5.509814330200181,75.30238380514663
5.520454177707866,75.50802494512358
5.530388940544713,75.70027928528881
5.540128822771528,75.88898926494689
5.5506942325099295,76.09394914860793
5.560554557577492,76.2854689636399
5.571240410156641,76.49328341888618
5.581731382125758,76.69757056592535
5.591517269424037,76.8883627246474
5.602128684233903,77.09550620129177
5.612035014372929,77.28912682716573
5.621746463901926,77.47916302861326
5.6322834409425075,77.68560492576556
5.642115333312251,77.87847145907615
5.65277275319358,78.08778844513576
5.663235292464878,78.2935396733777
5.672992747065338,78.48565789700882
5.683575729177384,78.69428418771379
5.693453626618591,78.88924992713521
5.704157051571383,79.1007710206576
5.714665595914146,79.30870264583186
5.724469055586069,79.5029165681031
5.735098042769579,79.71374384390668
5.74502194528225,79.91082446352675
5.754750967184891,80.10426197681367
5.765305516599117,80.31436469843686
5.775154981342505,80.51066856867806
5.785829973597478,80.72368452413566
5.79631008524242,80.9330710250116
5.8060851122165245,81.12860474180569
5.816685666702214,81.34090812010726
5.826581136517065,81.53932708084572
5.836281725721887,81.73406322184952
5.846807842438293,81.94562182206693
5.856628874483862,82.14324572894903
5.867275434041016,82.3577362660496
5.877216908927331,82.55826327837373
5.886963503203616,82.75508559677732
5.8975356249914865,82.9688310414353
5.9074026621085185,83.16855876222967
5.918095226737136,83.38525239359281
5.9285929107557225,83.59826251429986
5.938385510103471,83.79719672932428
5.949003636962805,84.01315679753962
5.958916679151301,84.21084670846366
5.9686348407297665,84.41312952891299
5.9791785298198175,84.62832459906735
5.98901713423903,84.82936184704103
5.989188741357106,84.8328701509412
5.9893603484751825,84.83637389238996
5.989703562711336,84.84339712811463
5.9903899911836405,84.85743463072151
5.991762848128252,84.88551005332423
5.994508562017474,84.94167217835187
5.994680169135551,84.94518171951346
5.994851776253627,84.9486937627357
5.99519499048978,84.95571523652895
5.995881418962085,84.96975952974338
5.9972542759066965,84.99785409400339
5.997425883024773,85.0013648346151
5.99759749014285,85.00487841185071
5.997940704379002,85.01190092019684
5.998627132851308,85.02594913276245
5.998798739969384,85.02946402434964
5.99897034708746,85.03297349853716
5.999313561323612,85.04000099980892
5.999485168441689,85.04351218191164
5.999656775559766,85.04702597509107
5.999828382677842,85.05053938208889
5.999999989795918,85.05405309906557
6.000000004081633,85.05405194304076
6.000061343581608,85.05530839923583
6.0001226830815835,85.0565650266935
6.000245362081535,85.0590758887863
6.000490720081437,85.06409881146797
6.000981436081243,85.07414420995624
6.001962868080852,85.09416773819352
6.003925732080073,85.134433766425
6.008181671083147,85.22161705000221
6.012155576217886,85.30306341091863
6.016051529108612,85.38294817598523
6.0202776930039725,85.46963972784607
6.024221823030998,85.5505870000925
6.028496164062657,85.6383520861266
6.032692552850305,85.72455950150714
6.036606907769618,85.8050086936244
6.040851473693564,85.89228293398392
6.044814005749175,85.97380332946786
6.048698585560774,86.05374648169955
6.052913376377007,86.14053365603293
6.056846133324905,86.221547068306
6.061109101277437,86.30940068142672
6.065294116985957,86.39569564197073
6.069197098826141,86.47620814198527
6.0734302916709595,86.56356410448385
6.077381450647443,86.64515910637127
6.08166282062856,86.73360343337555
6.085866238365665,86.82047774134165
6.089787622234435,86.90156055879545
6.094039217107839,86.98951277374165
6.0980087781129075,87.07166444812539
6.1019003868739645,87.15224685048277
6.106122206639656,87.23970080621906
6.110061992537011,87.321352623823
6.114331989439,87.40988824246188
6.114397490136781,87.41124399950695
6.114462990834562,87.39052909911322
6.114528491532342,87.41396234246032
6.114593992230123,87.41531968139645
6.114855995021247,87.4207546165999
6.115380000603494,87.43162563637983
6.116428011767988,87.45336075985647
6.1164935124657696,87.45472247711074
6.11655901316355,87.45608076982342
6.116690014559111,87.45879808224517
6.116952017350235,87.46423073795168
6.1174760229324825,87.47492250603904
6.1185240340969775,87.4968434925974
6.118585128015566,87.49811314559203
6.118646221934155,87.49917205673493
6.118768409771331,87.50191775765785
6.119012785445683,87.50696318569516
6.119501536794388,87.51712955132567
6.119562630712976,87.51839604121805
6.119623724631564,87.51966521336678
6.119745912468741,87.52220041494458
6.119990288143093,87.52727300303589
6.120479039491799,87.537415931044
6.120540133410387,87.53868447684037
6.120662321247564,87.54121751753873
6.120723415166152,87.5424891247761
6.1209677908405045,87.54755852136252
6.121028884759093,87.54882961805328
6.200000006122449,89.19516932304994
6.200092015372412,89.19709568448584
6.200184024622376,89.1990245584295
6.20027603387234,89.20095395220147
6.200368043122303,89.20287843025115
6.200460052372266,89.20480710534316
6.20055206162223,89.20670173552077
6.200644070872194,89.20863181614126
6.200736080122157,89.08411310999531
6.20082808937212,89.21251548903493
6.200920098622084,89.21444148942588
6.201012107872048,89.2163674014688
6.201104117122011,89.21826865895461
6.201196126371974,89.22021369638857
6.201288135621938,89.22214911479841
6.2014721541218645,89.22600346058971
6.20294430212128,89.25683348646463
6.205888598120109,89.3185225882515
6.2122725066247195,89.45233008360341
6.218233364326827,89.57736409647863
6.2240772936629165,89.70002735406291
6.230416539505957,89.83316294014864
6.236332734546495,89.95752022502039
6.2427442460939835,90.09236960940478
6.249038829275454,90.22485432556665
6.254910361654422,90.34851450088289
6.2612772105403405,90.48270002876902
6.267221008623756,90.60805362277068
6.273047878341154,90.73102573893368
6.279370064565502,90.86454225199489
6.279462238556469,90.86648760246716
6.279554412547435,90.85513316034641
6.2796465865384015,89.99999984183208
6.2797387605293675,90.87232618552457
6.279830934520334,90.87427400438429
6.2799231085113005,90.64200877097304
6.2800152825022675,90.87817284605939
6.2801074564932335,90.88011843844899
6.280291804475166,90.88401145676869
6.280383978466132,90.88595976608379
6.280476152457099,90.86788605158321
6.280568326448066,90.88985353005647
6.280660500439032,90.89179779843037
6.280752674429998,90.89374750487191
6.280844848420964,89.99999969523712
6.28093702241193,90.89763902984333
6.281029196402896,90.89958988518484
6.281121370393862,90.9015369193751
6.281213544384829,90.90348361468888
6.281305718375796,90.90542921075935
6.281397892366762,90.90727674283191
6.281582240348694,90.91127606040152
6.28167441433966,90.91323038682562
6.281766588330627,90.91517842777382
6.28195093631256,90.91906920048791
6.282319632276425,90.92685509522175
6.282503980258358,90.93075493664313
6.28268832824029,90.93465454899365
6.282780502231256,90.93660029926455
6.282872676222223,90.93847997471958
6.283057024204156,90.94244245443633
6.283149198195122,90.94418945933366
6.2832413721860885,90.91837120619519
6.2833335461770545,90.94828747553595
6.2834257201680215,90.95017548143952
6.283517894158988,90.95218079874853
6.2836100681499545,90.95410485729636
6.2837022421409205,90.95606177399819
6.283794416131887,90.92762301072791
6.283886590122853,90.91249441713767
6.283978764113819,90.96192723896692
6.284070938104785,90.96387075259176
6.284163112095752,90.96463788477774
6.284255286086719,90.96777203959005
6.284347460077685,90.96971664851267
6.284531808059617,90.97361316149636
6.284992678014449,90.98335417949585
6.285084852005415,90.98530478734351
6.285269199987348,90.98920062879506
6.285369113298735,90.99027774389583
6.28556893992151,90.99553676731814
6.285668853232897,90.98125935067901
6.285768766544285,90.99976173878888
6.286068506478447,91.00610245581767
6.286867812969547,91.0229932710149
6.287067639592322,91.02721939625388
6.287167552903709,91.02933277780849
6.287267466215097,91.03060816499382
6.287367379526485,91.03356195074826
6.287667119460647,91.03989557034065
6.2877670327720345,91.03725642173627
6.287866946083422,91.04411989731815
6.2880667727061965,91.04824074038581
6.288466425951746,91.0568016463982
6.288566339263134,91.05882259921025
6.288666252574521,91.06102287314033
6.288866079197296,91.0652509198758
6.288965992508684,91.06736641979185
6.289065905820071,91.06948093046367
6.289165819131458,91.07158968344329
6.289365645754234,91.0758166216577
6.289565472377008,91.08004285621094
6.289665385688396,91.08215724075363
6.289765298999784,91.08426866122183
6.289865212311171,91.0863813162041
6.290065038933946,91.09060689489763
6.290164952245334,91.09272074771476
6.290264865556721,91.09482995262492
6.290464692179496,91.09905902343637
6.290564605490884,91.08336341417055
6.290664518802271,91.03842309365433
6.290764432113658,91.10539786559181
6.290864345425046,91.10751651860035
6.290964258736434,91.10962768981804
6.291064172047821,91.1117374125591
6.291164085359208,91.11385228326924
6.29146382529337,91.12019198889786
6.291761738221814,91.1255859091225
6.2918598245274815,91.12847217521306
6.29195791083315,91.13064390034972
6.292154083444487,91.13479846113745
6.292252169750156,91.13687013559796
6.292448342361492,91.14102037590078
6.29254642866716,91.14309820359139
6.292742601278498,91.10249753437867
6.2929387738898335,91.15139949672496
6.293036860195502,91.15345371466022
6.293134946501171,91.15554597749751
6.293233032806839,91.15749814412213
6.2934292054181755,91.16177675638284
6.293625378029512,91.16592723923269
6.293723464335181,91.16800216970091
6.29382155064085,91.17007531022577
6.293919636946518,91.17215217057715
6.294115809557855,91.17630288028101
6.294213895863523,91.1783815914595
6.294311982169192,91.18004577945364
6.2944100684748605,91.18252335838262
6.294508154780528,91.18460502493608
6.294704327391866,91.18775541275755
6.294900500003202,91.18966911070925
6.295096672614539,91.19706049799868
6.295292845225876,91.19539459773458
6.295390931531545,91.20328514591
6.2954890178372125,91.20536154962409
6.295587104142881,91.20741708534975
6.29568519044855,91.20950818324661
6.295979449365555,91.21550862308617
6.296077535671223,91.21781506736055
6.296175621976892,91.21987881279978
6.296273708282561,91.22196879721058
6.296371794588229,91.2229394836367
6.296469880893897,91.22611956842026
6.296567967199565,91.22819764044239
6.296666053505234,91.23027134008171
6.2969603124222395,91.23650103886064
6.297058398727907,91.238579537235
6.297156485033576,91.24065749304037
6.297254571339245,91.24272762017311
6.297352657644913,91.24480832185795
6.297450743950582,91.24688352022336
6.29754883025625,91.24895873741208
6.297843089173256,91.25518749615368
6.297941175478924,91.22020775013537
6.298032651615803,91.23498728335629
6.298124127752683,91.26113608214705
6.298215603889561,91.26307584414813
6.298307080026441,91.26501194245652
6.2983985561633204,91.2669427245199
6.298490032300199,91.26861216561664
6.298764460710838,91.27469176689266
6.299130365258355,91.2824390066233
6.299221841395234,91.28345567191496
6.299313317532113,91.2863086193031
6.299496269805872,91.2901885322858
6.29986217435339,91.29793315208859
6.299953650490268,91.2998719205658
6.300045126627148,91.30180794287253
6.300136602764027,91.30374326708714
6.300319555037786,91.30761969034884
6.300411031174665,91.30955692844479
6.300593983448424,91.31337648512925
6.300868411859062,91.31924338465039
6.300959887995941,91.32117976549893
6.301051364132821,91.32311089647307
6.3011428402697,91.32505530882679
6.301325792543459,91.32892054357625
6.301417268680337,91.33086811632029
6.301508744817217,91.33280165954429
6.301600220954096,91.33473892417457
6.301691697090976,91.33585278375448
6.3017831732278555,91.33861208137483
6.301966125501614,91.34248279493377
6.302057601638493,91.3444264445027
6.302149077775372,91.34636115519639
6.302332030049131,91.35023679186318
6.30251498232289,91.3541059769204
6.302606458459769,91.35604911769248
6.302789410733528,91.3599252133052
6.302972363007286,91.36379840948659
6.303063839144166,91.36573220218159
6.303155315281044,91.36767511819532
6.303246791417924,91.3696098323418
6.303429743691682,91.37348742595846
6.3035212198285615,91.37541860691152
6.303612695965441,91.3773192492823
6.303894863696499,91.3833375509765
6.3040932946111,91.38644938810646
6.3041925100684,91.3880353709093
6.304291725525701,91.39174228896925
6.3043909409830015,91.39384522607493
6.304490156440302,91.39535224644092
6.304688587354903,91.40015225179937
6.3047878028122035,91.40225360669946
6.304887018269504,91.4043451976113
6.304986233726805,91.40645601269055
6.305085449184105,91.40856582505135
6.305184664641406,91.41066185884227
6.305283880098706,91.41276537798508
6.305383095556007,91.41486746424552
6.305482311013307,91.4169599070541
6.305680741927908,91.42117672113368
6.305779957385209,91.42327228667634
6.305879172842509,91.42537552601226
6.30597838829981,91.42747892912689
6.30617681921441,91.43168337177453
6.30637525012901,91.4358771130111
6.306573681043611,91.42324068608107
6.306772111958212,91.43917483388287
6.306871327415513,91.44639819666892
6.307069758330114,91.45059307763952
6.307168973787414,91.45270574950136
6.307268189244715,91.45480740758042
6.307466620159316,91.4589965406938
6.307565835616616,91.46111381511383
6.307665051073917,91.46321458308977
6.307764266531216,91.46340904298899
6.3079626974458165,91.46952466178587
6.3081611283604175,91.47366369705337
6.308260343817718,91.4758361000992
6.30855799018962,91.45793241592271
6.30865720564692,91.4842409057487
6.308756421104221,91.48634692178786
6.308855636561521,91.48843461956633
6.308954852018822,91.4905521323945
6.309054067476122,91.49265692985925
6.309153282933423,91.4947588494916
6.309252498390723,91.49681327753683
6.309351713848023,91.498960604699
6.3094509293053225,91.50106672711169
6.3096493602199235,91.50527421047646
6.3098477911345245,91.50947947298538
6.309947006591825,91.51158342286845
6.310046222049126,91.51368539292807
6.310145437506426,91.51579033380024
6.310238042794937,91.51775474078659
6.310330648083449,91.51750374664502
6.31042325337196,91.52167834414631
6.310515858660471,91.51877675888494
6.310608463948983,91.5256029722296
6.310701069237494,91.52720735769434
6.310886279814516,91.53149619659231
6.310978885103028,91.533458917016
6.311071490391539,91.53541847923633
6.31116409568005,91.53738651336711
6.311256700968562,91.53927294944965
6.3115345168340955,91.5452330042713
6.311812332699629,91.55113264395557
6.311997543276652,91.55505049148854
6.3121827538536746,91.5589211598168
6.312367964430697,91.56290722641442
6.31255317500772,91.56683103314167
6.312645780296231,91.56879720024935
6.312830990873254,91.57272627104967
6.312923596161765,91.5746676025663
6.3131088067387875,91.56214644729629
6.313201412027299,91.58057568107131
6.31329401731581,91.58253865498249
6.313571833181344,91.58843108238085
6.313664438469855,91.59038246723942
6.500000006122449,95.40298400603002
6.500368043122302,95.59022283830033
6.500644070872193,95.59510389945913
6.500920098622083,95.60217231689778
6.50110411712201,95.60463877457036
6.501196126371973,95.60813880231515
6.5012881356219365,95.61013564413106
6.5013801448719,95.61106821709527
6.501564163371826,95.61611259685105
6.50165617262179,95.61785610377237
6.50193220037168,95.62408203280889
6.502024209621644,95.62607402013977
6.502116218871608,95.62784073829084
6.502300237371534,95.63165956298302
6.502576265121425,95.63792333110801
6.502668274371388,95.64001136439845
6.5028522928713155,95.64351828282962
6.503128320621205,95.64865868653553
6.503496357621059,95.6579218301331
6.503680376120986,95.66188105761196
6.503864394620913,95.66590694594709
6.504232431620767,95.67387947021756
6.504416450120694,95.67786359953328
6.5046004686206205,95.68183804793898
6.504784487120547,95.68583559977382
6.505152524120401,95.69379573280071
6.505888598120109,95.70973476403887
6.5059883466904935,95.71169605896273
6.5060880952608775,95.7139970588476
6.506287592401646,95.71821255839754
6.506686586683185,95.72700785392188
6.506786335253569,95.72914901609646
6.506985832394339,95.73332735380266
6.507285078105492,95.73997571407585
6.507384826675876,95.74212820722764
6.507484575246261,95.7442909626509
6.507783820957414,95.75077442470614
6.507883569527799,95.75233549513004
6.507983318098184,95.75509419884439
6.5080830666685685,95.75725690321883
6.508182815238953,95.75941424189386
6.508282563809337,95.76157979707563
6.509280049513182,95.78254506188593
6.509379798083566,95.78506776086765
6.509778792365106,95.79397198186352
6.509978289505874,95.79801650290001
6.510078038076259,95.80047456855785
6.5101777866466435,95.8026351755657
6.510277535217028,95.80478716844922
6.510377283787413,95.80674533611983
6.510576780928181,95.8111936935749
6.510676529498566,95.81322897183172
6.510876026639336,95.81766598576998
6.511075523780105,95.82207599482676
6.5111752723504885,95.8242490767498
6.511474518061643,95.82880486183186
6.511574266632028,95.83273768160502
6.511773763772796,95.8372035144789
6.5120730094839505,95.84369953516618
6.512172758054335,95.84569298590633
6.512831337034292,95.86013030054355
6.512924475435888,95.86214725132949
6.513110752239079,95.86607584822929
6.513203890640675,95.8681902410745
6.5132970290422705,95.87021661046707
6.513576444247056,95.87628770741598
6.513762721050247,95.88030662703932
6.514135274656629,95.88838233145368
6.51450782826301,95.89645369473872
6.515066658672582,95.90856544935917
6.5152529354757736,95.91042037729983
6.515439212278965,95.9160602173679
6.515625489082155,95.92066143510498
6.51571862748375,95.92270337848383
6.515811765885346,95.92471913740248
6.515904904286941,95.9267355697047
6.516277457893324,95.93313871138135
6.516556873098109,95.94081489005708
6.516650011499705,95.94289283165546
6.516836288302896,95.94381945206705
6.517022565106087,95.95074913366372
6.517115703507682,95.95294528243016
6.517395118712468,95.95903571965069
6.517674533917255,95.96153095576608
6.5177676723188505,95.96712027644732
6.51795394912204,95.96775554707668
6.518047087523636,95.9727666442349
6.518324675722703,95.97857955372864
6.51841598711858,95.98117314743429
6.518507298514456,95.9830027257704
6.518598609910333,95.98514282299385
6.518689921306209,96.1399493306331
6.525860206556272,96.14250728358685
6.52595925727257,96.14481217925793
6.526157358705165,96.14668316273725
6.5265535615703545,96.15743926103698
6.526949764435544,96.16625060739928
6.527940271598519,96.18779660669739
6.528039322314816,96.18995775527881
6.528237423747411,96.19424587494166
6.528336474463709,96.19637742150518
6.528534575896304,96.20069721209248
6.528633626612601,96.20285015639261
6.5287326773288985,96.20500187328577
6.528831728045197,96.2071075235556
6.529029829477793,96.21141040640676
6.52912888019409,96.21359714668785
6.529227930910388,96.21574788755885
6.52992128592447,96.23080868938725
6.530119387357065,96.2342741065246
6.530416539505957,96.23850323609543
6.530508980053465,96.2435595107204
6.5306014206009735,96.24557649973026
6.530786301695991,96.24843280399043
6.531156063886025,96.25761189243612
6.531340944981041,96.26161736971574
6.531525826076058,96.2656507572093
6.531895588266091,96.27343842217506
6.532080469361109,96.2776028256837
6.532265350456125,96.28169327219493
6.53254267209865,96.28758298208197
6.532635112646158,96.28971868759008
6.532727553193666,96.29174394508246
6.532912434288683,96.29529005753926
6.533004874836192,96.29732678109117
6.533097315383701,96.29960982230624
6.533189755931209,96.30014628370265
6.533467077573734,96.3077797669231
6.533559518121242,96.30950618270458
6.534114161406293,96.32167271172737
6.53429904250131,96.3258661582539
6.534391483048818,96.32723693740716
6.534483923596326,96.32988497519656
6.534668804691343,96.33251194321551
6.534761245238851,96.33587616767849
6.535131007428886,96.3439338480042
6.535223447976394,96.34592317538745
6.5354083290714104,96.3480434459468
6.535593210166427,96.35369191845876
6.535685650713935,96.35392010979022
6.535870531808952,96.36000463534478
6.536147853451478,96.36496460343889
6.536240293998986,96.3680429375659
6.536432914414425,96.37221839775096
6.536633274150283,96.37542060710007
6.536833633886142,96.3809268758413
6.537134173489931,96.38495707620577
6.53733453322579,96.39180042760897
6.537935612433367,96.40487169612243
6.538035792301296,96.40704240835757
6.538236152037156,96.4114007280235
6.538436511773014,96.41565438296877
6.538737051376803,96.4222886500612
6.538837231244733,96.42446004335834
6.53943831045231,96.43752236266874
6.539538490320239,96.43969951290714
6.539738850056098,96.44405612642323
6.539939209791957,96.44602368777815
6.540039389659887,96.45059018357108
6.540139569527816,96.45276989962206
6.540239749395745,96.454939436279
6.5404401091316045,96.4592874189343
6.540941008471252,96.46642727579209
6.54134172794297,96.47882780040523
6.541542087678829,96.48324492800121
6.541742447414688,96.48760831770873
6.542143166886406,96.49631916412149
6.5422433467543355,96.4984977208416
6.542343526622265,96.5006677315516
6.543236010405035,96.51945091577824
6.543334363267246,96.52219778699278
6.543432716129457,96.52383190806844
6.543531068991667,96.52641481368838
6.543924480440509,96.53503502065458
6.544022833302719,96.53714172372672
6.54412118616493,96.53930903356166
6.544317891889351,96.54360111783869
6.544612950475983,96.55000738116328
6.545399773373667,96.5664984511788
6.545498126235877,96.56924014480838
6.545596479098087,96.57134976580635
6.545891537684719,96.57781105495025
6.546186596271351,96.58423070530253
6.546284949133561,96.58636998636376
6.546383301995771,96.58849894374372
6.546580007720193,96.59275772833618
6.546776713444613,96.59518201389966
6.546875066306824,96.59921090335189
6.546973419169035,96.60021113605313
6.547268477755666,96.60775052696228
6.547760242066719,96.61845720681895
6.547858594928929,96.62059196661902
6.548350359239981,96.63028141597033
6.548448712102192,96.63341099023924
6.548547064964403,96.6355787758193
6.548645417826613,96.63687069103223
6.548743770688823,96.63981550812808
6.548842123551033,96.64199039267118
6.548940476413243,96.64409017198055
6.549130571968876,96.64826307231321
6.5492223146622965,96.64875738874608
6.549314057355718,96.65115394478593
6.549681028129404,96.66023433768412
6.549864513516246,96.66423925337226
6.549956256209668,96.66623199383338
6.550598455063616,96.68019478030801
6.5507819404504595,96.68392177712455
6.5515158819978305,96.70016678903454
6.551974595464937,96.70999659963185
6.552341566238622,96.71813138306622
6.552525051625466,96.72187135384726
6.552708537012308,96.7243066688915
6.552892022399151,96.73011087907783
6.553075507785994,96.73065978223899
6.553167250479415,96.73610129240456
6.553258993172837,96.73809609481869
6.5535342212531,96.74301463338999
6.553992934720208,96.75392088797665
6.554268162800472,96.75995084444911
6.554726876267579,96.76091396575944
6.5549103616544215,96.7740324162495
6.555109325682107,96.77830093544598
6.555308289709791,96.78265714761979
6.555706217765161,96.79062144837042
6.555805699779004,96.79246072963164
6.556203627834373,96.80206084740045
6.556502073875901,96.80843667654204
6.556701037903586,96.81259681655494
6.556999483945113,96.81745942982727
6.557198447972798,96.82385576488734
6.557297929986641,96.8259605045785
6.557695858042011,96.83465828439657
6.557894822069695,96.83534475562567
6.558193268111223,96.84551360194705
6.558591196166592,96.85093389023103
6.5587901601942775,96.8585178067728
6.55888964220812,96.86065234602253
6.559088606235806,96.86500863251143
6.55928757026349,96.86932847163855
6.559387052277332,96.87024581864999
6.559486534291175,96.87367525114152
6.559983944360388,96.88451135023158
6.560381872415757,96.89319219233822
6.5604813544296,96.89534203679129
6.560680318457285,96.89964901719044
6.5611777285264985,96.91049518188416
6.5615558260755,96.91874860878947
6.561648697920553,96.92076851724873
6.561741569765607,96.92248126594377
6.56183444161066,96.92475629980522
6.562020185300767,96.92887226191644
6.562113057145821,96.92953145614845
6.562670288216141,96.94293204653252
6.563320391131516,96.95485961685043
6.563413262976569,96.95921789075875
6.563506134821622,96.96124408601352
6.563784750356781,96.96535030336506
6.564063365891942,96.9730487458511
6.564156237736995,96.97537252186493
6.564341981427102,96.97929796874023
6.5644348532721555,96.98148048527536
6.564527725117209,96.98349977063775
6.564620596962262,96.98513214394492
6.564713468807316,96.98752236200052
6.564992084342475,96.99360620902854
6.565270699877635,96.99965271427784
6.565827930947956,97.01181885315404
6.566013674638063,97.01587900814297
6.56619941832817,97.01993305366364
6.566478033863329,97.02600427445897
6.566849521243542,97.03393528688264
6.567494143141759,97.04815081036512
6.567767277659762,97.05360710148264
6.568040412177765,97.06003943301779
6.568495636374436,97.06995897931347
6.568677726053105,97.07372412538875
6.5688598157317735,97.07790198597358
6.569041905410442,97.0814886122454
6.569223995089111,97.08586573534966
6.5697702641251166,97.0977692117489
6.570134443482455,97.10495652725031
6.571135936715133,97.12755777600142
6.571318026393802,97.13150388644141
6.57150011607247,97.1338570175144
6.571682205751139,97.13945468575676
6.571864295429807,97.14344299735251
6.571955340269142,97.14533905131651
6.572228474787145,97.15137276807519
6.572319519626479,97.1533376982123
6.572410564465813,97.15367130337556
6.572592654144482,97.15867803265802
6.572683698983816,97.16129500227191
6.572865788662485,97.16527447445458
6.573344230820419,97.17293021073536
6.573541799139932,97.18001203012342
6.574035719938708,97.19054872431057
6.574332072417974,97.19725194783791
6.5745296407374845,97.20153748910568
6.574727209056997,97.20587260496127
6.575418698175284,97.22022380621989
6.575616266494794,97.2210532174433
6.57571505065455,97.22741988722966
6.576011403133817,97.23389217250538
6.5761101872935726,97.2353367928197
6.576208971453328,97.23828085136866
6.576307755613083,97.23958968682459
6.576406539772838,97.24250993632637
6.576801676411861,97.2507590143713
6.576900460571617,97.252415672634
6.577196813050882,97.25974897632145
6.577295597210638,97.26186818919378
6.577394381370393,97.26406104942001
6.577493165530148,97.26622354335255
6.577690733849659,97.2695551284778
6.578184654648437,97.28130225455149
6.578481007127703,97.28776119764265
6.578579791287458,97.2891133488387
6.578777359606969,97.29353971962625
6.578876143766724,97.29640558983546
6.579073712086236,97.29971827537958
6.579172496245992,97.3023290619678
6.579554412547434,97.3111951764826
6.5796465865384,97.31142141158634
6.580015282502266,97.32125484024962
6.5801074564932325,97.32212064822185
6.580383978466132,97.32791010727117
6.580660500439031,97.33535497096243
6.580752674429997,97.3373522886624
6.580937022411931,97.34137901345989
6.581121370393863,97.34271822636718
6.581582240348695,97.35545871953612
6.581674414339661,97.35747081200385
6.582043110303527,97.36115404354598
6.582135284294493,97.36747139514529
6.582411806267391,97.37202442607425
6.58268832824029,97.3796128959264
6.582872676222223,97.3817485263021
6.583241372186088,97.39167759755148
6.5837022421409195,97.40099732208735
6.583794416131886,97.40363922388183
6.5840709381047855,97.40978996607032
6.584255286086718,97.41286943082473
6.5844396340686515,97.41782554974891
6.58471615604155,97.42388747194993
6.584900504023483,97.42754571303614
6.585269199987348,97.4329918819749
6.58556893992151,97.44252834999908
6.585668853232898,97.4446871847123
6.585768766544286,97.44688205756958
6.585868679855673,97.44791305811277
6.586068506478448,97.45342568056802
6.5866679863467725,97.4590588693223
6.58676789965816,97.46835626094864
6.588466425951746,97.50391674004116
6.588666252574521,97.5079322895412
6.588965992508683,97.51665076558898
6.589165819131457,97.52108424963592
6.589365645754233,97.52247818942844
6.58946555906562,97.52763092718257
6.589765298999783,97.53417021047359
6.58986521231117,97.53636405848981
6.590164952245333,97.54291413892727
6.59066451880227,97.55349455350223
6.590764432113657,97.55599920353653
6.590864345425045,97.55816776360561
6.590964258736433,97.56037385111291
6.59106417204782,97.56245560209493
6.591363911981983,97.5690932033106
6.591563738604757,97.5734697628541
6.591663651916145,97.57563080723723
6.59195791083315,97.58186049444348
6.592055997138818,97.58423811861984
6.592448342361492,97.59281072003928
6.593036860195503,97.605668194041
6.59323303280684,97.6099614686441
6.593625378029513,97.61852723993913
6.59382155064085,97.62262349049313
6.593919636946518,97.62496467353321
6.594115809557856,97.62919591776692
6.594213895863524,97.63139303587833
6.594998586308871,97.6483155817277
6.595489017837213,97.65926725795447
6.595881363059887,97.66785108117612
6.595979449365556,97.66816261352842
6.596077535671224,97.67030443647201
6.5962737082825615,97.6750644193617
6.596764139810903,97.67890808768745
6.596960312422239,97.69144357583117
6.597156485033576,97.69384389996618
6.597646916561918,97.70638581585554
6.597843089173255,97.7092244543427
6.598032651615803,97.71485919088515
6.598672984573957,97.7288786628126
6.598764460710837,97.73089233842114
6.599038889121474,97.73686865224025
6.599404793668992,97.74427387911757
6.599770698216509,97.7528964767434
6.599953650490267,97.7568636770216
6.600411031174664,97.76691871797235
6.60095988799594,97.77371235322147
6.60105136413282,97.78088307005987
6.601234316406578,97.78418760415799
6.601600220954095,97.78896729747568
6.6017831732278545,97.79691833290504
6.601966125501613,97.80091826640853
6.602057601638492,97.80292712488321
6.602789410733527,97.81882077418177
6.602880886870405,97.8209396040349
6.603246791417924,97.82529965914439
6.6037041721023195,97.83299742876837
6.6038948636965,97.83837926273962
6.604589371897602,97.85794513694044
6.604887018269503,97.864838293336
6.6049862337268035,97.86700390241087
6.605383095556006,97.8757023216082
6.605680741927907,97.87892432202247
6.605879172842508,97.88655995264028
6.605978388299809,97.88872450140289
6.606077603757109,97.89057719527491
6.6064744655863095,97.89946726177544
6.60657368104361,97.90175327510825
6.606772111958211,97.90600536390967
6.6068713274155115,97.90827842725962
6.606970542872812,97.91031549506951
6.607565835616615,97.91659310175567
6.607665051073916,97.92504307227091
6.6081611283604165,97.93508442195824
6.60875642110422,97.94952013797891
6.60885563656152,97.94994253657936
6.608954852018821,97.9526436057711
6.609153282933422,97.95823164179215
6.609450929305323,97.96454517690597
6.609649360219924,97.96909364004483
6.610046222049126,97.97771054505921
6.610145437506426,97.97993496253031
6.610515858660472,97.98603587934578
6.610608463948983,97.98615361824864
6.610701069237495,97.99212421515433
6.611256700968562,97.99895686863864
6.6116271221226075,98.00692239824822
6.612460569719209,98.03026144719928
6.61255317500772,98.03263675694745
6.612645780296232,98.03448297187118
6.6132014120272995,98.04687990446764
6.613479227892833,98.05239448099942
6.613664438469856,98.05701260660861
6.613757043758367,98.05903953397491
6.614034859623901,98.06498374807313
6.614497886066458,98.06977056286945
6.614590491354969,98.076276614624
6.61468309664348,98.07927313051752
6.614868307220503,98.08158399759519
6.614960912509014,98.08496143981907
6.615053517797525,98.0867786752628
6.615146123086037,98.0892664599242
6.6154239389515705,98.09547437828309
6.615609149528593,98.09961745283266
6.615794360105616,98.10298961893567
6.615886965394127,98.10569927498335
6.61607217597115,98.10976992771825
6.616373209797947,98.1161803448102
6.616573899015812,98.12070563794902
6.616975277451542,98.12950960654783
6.617075622060474,98.1317594791519
6.617276311278339,98.1361376741902
6.617376655887271,98.13834575317823
6.617878378931934,98.14933869607987
6.6180790681497985,98.15366306825294
6.618480446585528,98.15947428423785
6.61858079119446,98.1644989615737
6.618681135803392,98.16693817460418
6.618781480412325,98.16853114235894
6.6188818250212575,98.16859116293475
6.61898216963019,98.17352705651699
6.619082514239123,98.17391608022925
6.61938354806592,98.181822919604
6.619684581892717,98.18842663184908
6.619784926501649,98.19110893986107
6.619885271110581,98.19331108583783
6.620186304937379,98.19994928447393
6.620688027982041,98.21092283292478
6.620989061808838,98.21753080646947
6.621490784853501,98.22402889950538
6.621591129462433,98.23072251121606
6.6216914740713655,98.23292954068471
6.62189216328923,98.23308985219384
6.6225927485460385,98.25252379572278
6.623085336562105,98.26348899702691
6.623971994991026,98.28120089777742
6.624169030197452,98.2872044496734
6.6251542062295865,98.30431965272123
6.625449759039226,98.31343207458752
6.625548276642439,98.313604354565
6.625745311848867,98.32180684176275
6.626533452674574,98.33486507789617
6.626631970277787,98.34124676838461
6.626829005484214,98.34466102338409
6.6276171463099205,98.36285124289883
6.627912699119561,98.36915208735165
6.628011216722774,98.37152562466868
6.628208251929201,98.37581824506088
6.628700839945267,98.38664705089302
6.629075079851754,98.3948575211112
6.629166987286178,98.39687673622585
6.629626524458299,98.40695355250021
6.6299022467615725,98.41288341998036
6.629994154195996,98.41485567203956
6.630913228540241,98.43437347534916
6.631188950843513,98.44083538794426
6.631280858277938,98.4432636085871
6.631372765712362,98.44532613589664
6.631832302884483,98.45536343583308
6.632108025187755,98.46137634482297
6.632291840056603,98.46525280500909
6.632383747491028,98.46746329294872
6.632567562359876,98.46904652252842
6.632751377228725,98.54911503651427
6.636275781429161,98.55290535814996
6.636574721693696,98.55835450056139
6.636674368448542,98.56023193846727
6.636774015203388,98.5631605958379
6.637371895732461,98.5755043087295
6.637471542487306,98.5791511552076
6.638169069771223,98.5914014447912
6.63846801003576,98.59842889751336
6.639265184074524,98.61512775201776
6.63956412433906,98.62460662349972
6.639663771093905,98.62723627091776
6.640261651622977,98.63614962633514
6.640361298377822,98.63988117427795
6.640460945132667,98.64483293055557
6.640959178906895,98.65066891965792
6.64105882566174,98.65751167140901
6.641244898833852,98.662032787402
6.641710081764133,98.67222732635359
6.6418031183501895,98.67417178569266
6.642175264694415,98.68247099558617
6.642733484210753,98.69473040994862
6.642919557382865,98.69712064627366
6.643105630554977,98.70289779337912
6.643198667141034,98.70482073325987
6.643384740313147,98.70875645464046
6.643663850071316,98.71525671034215
6.643756886657371,98.71560600086276
6.643942959829484,98.72086979841221
6.644222069587654,98.72745247995913
6.644501179345822,98.73358659943295
6.644594215931878,98.73531021702284
6.645989764722723,98.76631416883511
6.646175837894836,98.76996319603866
6.646268874480892,98.77239694357348
6.646641020825117,98.78063169470444
6.646920130583286,98.78668809100314
6.64710437674968,99.29729523374856
6.652949529211686,99.56089665968132
6.683651067329905,99.59367474451885
6.684446108916331,99.59805369212418
6.6846448693129386,99.6176698188003
6.685042390106151,99.6254291393718
6.6859368118908815,99.64614244793223
6.686036192089185,99.64834442119061
6.6864337128823985,99.65715503015302
6.687626275262039,99.68312778127915
6.687825035658646,99.68787194462858
6.6879244158569495,99.68989361999833
6.688520697046769,99.70319624930995
6.689017598038285,99.7130142929143
6.689116978236589,99.71375600438756
6.6894151188315,99.72263268273313
6.689912019823016,99.73361555781527
6.690011400021319,99.73609589151367
6.69066079022792,99.74143797902448
6.6910318703459755,99.75863280734862
6.691959570641119,99.77915829829875
6.692794500906746,99.79742244873876
6.692887270936261,99.79803136048658
6.692980040965775,99.79835553093558
6.693814971231403,99.8195957217709
6.694742671526546,99.84064933162705
6.69483544155606,99.84219888479988
6.695020981615087,99.84679635782643
6.6955776017921735,99.85861461266549
6.695670371821688,99.8607970810362
6.695855911880717,99.86498503587067
6.696676226100592,99.88326146745234
6.696949055171977,99.88939035175001
6.6970399981957724,99.89140252424137
6.697130941219568,99.89341926095409
6.697312827267158,99.8974737033675
6.697676599362339,99.9054097365492
6.697767542386134,99.90749897704913
6.69822225750511,99.91526655371787
6.698586029600291,99.92539595051892
6.698858858671676,99.92591168219967
6.699040744719267,99.93000984305314
6.699313573790652,99.93352512445796
6.699677345885833,99.94963220949913
6.699950174957219,99.95564285401879
6.700132061004809,99.95975278863155
6.700586776123785,99.96947547003991
6.700950548218966,99.96966474397207
6.701132434266556,99.97472567967922
6.701405263337942,99.97806203649709
6.701496206361737,99.97953359941582
6.701966400121556,100.00002031668636
6.702755858875285,100.01776632196663
6.7028545412195015,100.01848623021452
6.703150588252152,100.02647580539106
6.703643999973233,100.03738621169401
6.703841364661665,100.03937322906279
6.7042360940385315,100.0454132175034
6.705321599824909,100.06845419145087
6.705518964513342,100.06886373886418
6.705716329201775,100.07767241558827
6.706209740922857,100.09285807012579
6.706407105611289,100.09800786854355
6.706999199676588,100.11160831873529
6.708084705462967,100.13555097567804
6.708268849813821,100.13967536612375
6.708360921989248,100.14173571254197
6.709281643743521,100.1617559930371
6.709742004620656,100.17016356785011
6.710202365497793,100.18247784905789
6.710662726374928,100.18620986438836
6.711031015076637,100.19866073374493
6.711123087252064,100.20277903446747
6.711767592480054,100.21699020644984
6.712227953357191,100.22721382358763
6.712412097708045,100.23138926905509
6.712596242058899,100.23544711918186
6.7143765706737,100.24059647272102
6.714476382169549,100.27388877927922
6.714676005161245,100.28132795306806
6.715274874136336,100.29385870380955
6.715773931615577,100.29725154156614
6.716073366103123,100.3123376021053
6.716372800590667,100.31907367636104
6.71737091554915,100.33758468813313
6.717770161532543,100.34928488529208
6.717869973028391,100.35219121937263
6.718069596020088,100.35664234502055
6.718169407515936,100.3584920567986
6.718768276491026,100.36400667270463
6.71916752247442,100.3809515770132
6.7194669569619645,100.3828578448246
6.719566768457813,100.38983412307978
6.719866202945358,100.39644804341059
6.720165637432903,100.40302419292185
6.720738065732837,100.41524786809578
6.721763280330487,100.43480255197368
6.721856481657547,100.4374832031069
6.722042884311665,100.4428097394442
6.72250889094696,100.45498391604123
6.722788494928138,100.46054348306811
6.722974897582256,100.46531234642431
6.7234409042175525,100.47563010108631
6.723534105544612,100.47771312338392
6.724186514834027,100.48677012546852
6.7252117294316776,100.51304796688768
6.725398132085796,100.516319773164
6.7262369440293295,100.53759610266623
6.726787016963089,100.54330194300864
6.72742663721247,100.56398589916749
6.7281576317831915,100.57771948474449
6.728431754747212,100.58005326477104
6.728614503389893,100.59034840229687
6.729436872281955,100.608533550774
6.731721230315458,101.04422664660456
6.749253251347977,101.04720958747059
6.749553979728157,101.05506072151216
6.749854708108337,101.0607978798458
6.751250799192967,101.09281332193879
6.752136541282036,101.1120241078044
6.7534159465218,101.14029473735799
6.753809609672498,101.14910702304684
6.754400104398543,101.15259697500831
6.755777925425981,101.19098847252768
6.75597475700133,101.19718757200857
6.756171588576679,101.20214966943067
6.756466835939701,101.20867461831371
6.757431163310077,101.22691096134201
6.757798385785618,101.22893094957851
6.7585328307367,101.25466324680437
6.7589000532122405,101.25497104083432
6.758991858831125,101.26437474488695
6.759450886925551,101.27511774954799
6.760368943114402,101.2902053380026
6.761470610541023,101.31977088813656
6.761562416159908,101.32125593140438
6.761837833016564,101.32788020056364
6.762755889205415,101.34727426580531
6.763130851001376,101.35696296376604
6.763827665576521,101.3721664786495
6.764126300394439,101.37913330144872
6.764225845333746,101.38134756738621
6.765022204848195,101.39460371269676
6.765121749787502,101.40128910647877
6.765519929544727,101.41014405784688
6.765918109301952,101.41218569042995
6.766216744119871,101.41629207015207
6.766913558695014,101.44116590090113
6.767311738452239,101.44982570515455
6.767809463148771,101.4611446909426
6.768008553027383,101.46403218264135
6.768904457481138,101.4854996933672
6.769004002420445,101.48714101949327
6.769588051718705,101.50070281795524
6.77005272557129,101.51104783208861
6.770610334194393,101.52230876855313
6.77135381235853,101.52605989790405
6.771539681899565,101.54343841656043
6.77200435575215,101.54409345658644
6.772097290522668,101.5564517455716
6.772747833916288,101.57108220797899
6.773398377309908,101.58375001742603
6.7736771816214585,101.59176797811443
6.775532223020363,101.62906968568424
6.776169977373951,101.64235962789182
6.776443300668345,101.65328132492019
6.776898839492335,101.66312710664315
6.7769899472571336,101.66555236214991
6.777536593845922,101.67773932549493
6.777809917140316,101.68386652658366
6.777901024905114,101.68581559058029
6.7786298870235,101.70174710412381
6.778994318082692,101.7101996707485
6.779176533612288,101.71271505009793
6.779449856906683,101.71861528200137
6.7809075811434525,101.75238624235963
6.782169375290039,101.78103358308904
6.783058999057012,101.7844458544541
6.7837509286535465,101.8162130790357
6.783849775738766,101.818416802916
6.783948622823985,101.82028127380302
6.784442858250081,101.83172531657313
6.785530176187493,101.85597045240691
6.786123258698808,101.86811978880002
6.786518647039685,101.87389619948515
6.787111729551,101.89128233741533
6.78721057663622,101.89342803532071
6.787408270806658,101.89415896532249
6.787876065557597,101.9074175636455
6.7887061978054675,101.92682116576611
6.7892596193040475,101.93255530995162
6.7894440931369076,101.93992408160211
6.789628566969768,101.9460942765505
6.789997514635489,101.95405069378417
6.790366462301209,101.96388749660693
6.7911043576326495,101.98037536849831
6.791934489880521,101.99881061185205
6.792303437546241,102.0070520981549
6.792949095961253,102.02136403724873
6.797116994293861,102.11461000446569
6.797322922835553,102.11914203593577
6.797837744189783,102.12815526196532
6.798043672731476,102.13528187519496
6.799588136794166,102.16754995339348
6.799999993877551,102.1770218906243
7.0,106.693
7.1,108.984
7.2,111.299
7.3,113.637
7.4,115.998
7.5,118.382
7.6,120.788
7.7,123.218
7.8,125.671
7.9,128.146
8.0,130.645
8.1,133.167
8.2,135.709
8.3,138.277
8.4,140.866
8.5,143.479
8.6,146.114
8.7,148.774
8.8,151.456
8.9,154.153
9.0,156.886
9.1,159.641
9.2,162.399
9.3,165.205
9.4,167.992
9.5,170.869
9.6,173.715
9.7,176.572
9.8,179.532
9.9,182.431
10.0,185.32
10.1,188.364
10.2,191.321
10.3,194.276
10.4,197.296
10.5,200.348
10.6,203.519
10.7,207.11
10.8,209.832
10.9,212.978
11.0,216.0
11.1,220.586
11.2,221.921
11.3,227.263
11.4,228.76
11.5,232.517
11.7,242.081
11.8,246.574
